id,username,email,phone,age,hosting,location_id,about_me,password
1,gblakeborough0,mskechley0@hhs.gov,(540) 3619672,32,false,22,"Nunc nisl. Duis bibendum, felis sed interdum venenatis, turpis enim blandit mi, in porttitor pede justo eu massa. Donec dapibus."
2,efoux1,chambric1@wsj.com,(511) 7324012,52,false,8,
3,atombling2,bjenton2@youtu.be,(910) 2199210,44,true,45,
4,sgiraudel3,rogborne3@github.io,(983) 2907299,,true,18,
5,etroop4,headmeads4@salon.com,(732) 9925875,,false,,Mauris sit amet eros. Suspendisse accumsan tortor quis turpis.
6,ssterrie5,nuglow5@unicef.org,(347) 8468262,57,true,41,"Cras pellentesque volutpat dui. Maecenas tristique, est et tempus semper, est quam pharetra magna, ac consequat metus sapien ut nunc."
7,wdawbery6,gdeuss6@vistaprint.com,(340) 5029712,34,false,17,
8,gacory7,sardling7@telegraph.co.uk,(735) 9959358,54,true,32,"Suspendisse potenti. Cras in purus eu magna vulputate luctus. Cum sociis natoque penatibus et magnis dis parturient montes, nascetur ridiculus mus."
9,hdanelutti8,hrodell8@rediff.com,(725) 4769420,35,true,1,Vestibulum ante ipsum primis in faucibus orci luctus et ultrices posuere cubilia Curae; Mauris viverra diam vitae quam.
10,evost9,jmcgiffin9@deliciousdays.com,(810) 6377320,44,false,24,
11,pderechtera,rdebella@senate.gov,(376) 4181899,34,true,46,
12,ldoogb,scowopeb@tumblr.com,(992) 2041753,40,true,4,
13,mromec,ayelec@goodreads.com,(169) 8804331,,false,34,Suspendisse potenti. Nullam porttitor lacus at turpis. Donec posuere metus vitae ipsum. Aliquam non mauris.
14,mfillimored,rmuttockd@scribd.com,,28,false,9,Nulla tellus. In sagittis dui vel nisl. Duis ac nibh.
15,doboylee,lmoormane@themeforest.net,,28,,4,"Donec odio justo, sollicitudin ut, suscipit a, feugiat et, eros. Vestibulum ac est lacinia nisi venenatis tristique. Fusce congue, diam id ornare imperdiet, sapien urna pretium nisl, ut volutpat sapien arcu sed augue. Aliquam erat volutpat. In congue."
16,ahambatchf,abullerf@acquirethisname.com,,26,true,2,"Cum sociis natoque penatibus et magnis dis parturient montes, nascetur ridiculus mus. Etiam vel augue. Vestibulum rutrum rutrum neque. Aenean auctor gravida sem."
17,tgodarg,nclaremontg@vistaprint.com,(174) 3399616,,true,40,
18,zkarph,mcaygillh@smh.com.au,(315) 7431506,43,true,9,
19,sthalmanni,ethompkinsi@webs.com,(901) 2259023,29,true,35,"Donec diam neque, vestibulum eget, vulputate ut, ultrices vel, augue. Vestibulum ante ipsum primis in faucibus orci luctus et ultrices posuere cubilia Curae; Donec pharetra, magna vestibulum aliquet ultrices, erat tortor sollicitudin mi, sit amet lobortis sapien sapien non mi. Integer ac neque. Duis bibendum."
20,bfinanj,cleasej@independent.co.uk,(873) 3330123,33,true,25,
21,kferebeek,gmosleyk@unicef.org,(202) 9787759,,true,,"Cum sociis natoque penatibus et magnis dis parturient montes, nascetur ridiculus mus. Etiam vel augue. Vestibulum rutrum rutrum neque. Aenean auctor gravida sem."
22,dduligalll,jhanscombl@wix.com,(618) 9324401,,true,47,"Fusce posuere felis sed lacus. Morbi sem mauris, laoreet ut, rhoncus aliquet, pulvinar sed, nisl. Nunc rhoncus dui vel sem. Sed sagittis."
23,dcassamm,dhalewoodm@go.com,(849) 4463818,57,,6,"Aliquam non mauris. Morbi non lectus. Aliquam sit amet diam in magna bibendum imperdiet. Nullam orci pede, venenatis non, sodales sed, tincidunt eu, felis. Fusce posuere felis sed lacus. Morbi sem mauris, laoreet ut, rhoncus aliquet, pulvinar sed, nisl."
24,jtabramn,bjayen@icq.com,(432) 5976970,60,false,46,
25,clindstromo,hharrymano@adobe.com,(431) 7019105,46,true,35,
26,gkeavenyp,ccoxp@51.la,,23,false,36,
27,irubinq,nmaticq@si.edu,(224) 6972700,58,true,48,
28,knairnr,jmingusr@weibo.com,(328) 5613318,53,false,22,"Sed sagittis. Nam congue, risus semper porta volutpat, quam pede lobortis ligula, sit amet eleifend pede libero quis orci."
29,nhargrevess,rdonohues@netvibes.com,(508) 6472248,28,true,34,Vestibulum rutrum rutrum neque.
30,agarlingt,bsaratht@yelp.com,,,false,23,"Nulla suscipit ligula in lacus. Curabitur at ipsum ac tellus semper interdum. Mauris ullamcorper purus sit amet nulla. Quisque arcu libero, rutrum ac, lobortis vel, dapibus at, diam."
31,rridoutu,dwilceu@symantec.com,(407) 2824962,18,true,33,
32,agabbettv,mkrzyzanowskiv@nih.gov,(967) 3107246,,false,46,Curabitur in libero ut massa volutpat convallis.
33,btennisonw,cdowlew@forbes.com,,,true,33,"Nulla nisl. Nunc nisl. Duis bibendum, felis sed interdum venenatis, turpis enim blandit mi, in porttitor pede justo eu massa. Donec dapibus. Duis at velit eu est congue elementum."
34,hstenetx,hkarpfx@qq.com,(804) 8437355,60,true,22,Nunc purus.
35,fboxhilly,tclerky@t-online.de,,39,false,29,"Maecenas leo odio, condimentum id, luctus nec, molestie sed, justo. Pellentesque viverra pede ac diam. Cras pellentesque volutpat dui. Maecenas tristique, est et tempus semper, est quam pharetra magna, ac consequat metus sapien ut nunc. Vestibulum ante ipsum primis in faucibus orci luctus et ultrices posuere cubilia Curae; Mauris viverra diam vitae quam. Suspendisse potenti."
36,kfolbigz,egarrickz@google.com.hk,(154) 5441208,27,true,31,"Vestibulum ac est lacinia nisi venenatis tristique. Fusce congue, diam id ornare imperdiet, sapien urna pretium nisl, ut volutpat sapien arcu sed augue. Aliquam erat volutpat."
37,hworstall10,ebricksey10@dropbox.com,(555) 3139631,38,true,7,Etiam faucibus cursus urna. Ut tellus. Nulla ut erat id mauris vulputate elementum. Nullam varius.
38,rpopescu11,jtarbatt11@paginegialle.it,(543) 7132579,45,true,10,"Morbi sem mauris, laoreet ut, rhoncus aliquet, pulvinar sed, nisl. Nunc rhoncus dui vel sem. Sed sagittis."
39,kbrick12,ulanney12@xing.com,(213) 3418733,52,true,21,"Aenean fermentum. Donec ut mauris eget massa tempor convallis. Nulla neque libero, convallis eget, eleifend luctus, ultricies eu, nibh."
40,mhubbucks13,marton13@squidoo.com,(335) 9166374,,,13,"Vestibulum ac est lacinia nisi venenatis tristique. Fusce congue, diam id ornare imperdiet, sapien urna pretium nisl, ut volutpat sapien arcu sed augue."
41,mcorton14,sgaylord14@unblog.fr,(783) 2009429,53,false,47,Phasellus sit amet erat. Nulla tempus. Vivamus in felis eu sapien cursus vestibulum. Proin eu mi. Nulla ac enim.
42,hfindley15,crobberecht15@seattletimes.com,(763) 5594365,27,false,18,
43,omcgonigal16,bboots16@usgs.gov,(893) 5960268,,,17,"Vivamus vestibulum sagittis sapien. Cum sociis natoque penatibus et magnis dis parturient montes, nascetur ridiculus mus. Etiam vel augue. Vestibulum rutrum rutrum neque. Aenean auctor gravida sem. Praesent id massa id nisl venenatis lacinia."
44,lisles17,fpavolini17@tripod.com,(133) 3899967,51,,20,
45,amebes18,mrubinsaft18@hibu.com,(691) 8073259,20,true,6,"Nulla mollis molestie lorem. Quisque ut erat. Curabitur gravida nisi at nibh. In hac habitasse platea dictumst. Aliquam augue quam, sollicitudin vitae, consectetuer eget, rutrum at, lorem."
46,pseary19,arobillart19@feedburner.com,,18,,32,"Aenean sit amet justo. Morbi ut odio. Cras mi pede, malesuada in, imperdiet et, commodo vulputate, justo. In blandit ultrices enim. Lorem ipsum dolor sit amet, consectetuer adipiscing elit. Proin interdum mauris non ligula pellentesque ultrices."
47,ballender1a,rchalfont1a@hugedomains.com,(429) 6711860,54,true,1,"Nulla ac enim. In tempor, turpis nec euismod scelerisque, quam turpis adipiscing lorem, vitae mattis nibh ligula nec sem. Duis aliquam convallis nunc."
48,lmccarly1b,gmasse1b@rambler.ru,(886) 7109104,42,true,12,"In blandit ultrices enim. Lorem ipsum dolor sit amet, consectetuer adipiscing elit. Proin interdum mauris non ligula pellentesque ultrices."
49,smackleden1c,ggarling1c@rediff.com,(916) 7883379,20,false,11,Proin interdum mauris non ligula pellentesque ultrices.
50,gca1d,lllop1d@imageshack.us,,53,,7,"Cum sociis natoque penatibus et magnis dis parturient montes, nascetur ridiculus mus. Etiam vel augue. Vestibulum rutrum rutrum neque. Aenean auctor gravida sem. Praesent id massa id nisl venenatis lacinia."
51,labrahamoff1e,greinbach1e@acquirethisname.com,(357) 5188792,47,true,41,Suspendisse accumsan tortor quis turpis. Sed ante. Vivamus tortor. Duis mattis egestas metus.
52,ttogher1f,ekillelea1f@freewebs.com,(796) 2981254,42,true,14,
53,wleckenby1g,itwede1g@narod.ru,(543) 2582724,37,false,6,Vestibulum ante ipsum primis in faucibus orci luctus et ultrices posuere cubilia Curae; Mauris viverra diam vitae quam. Suspendisse potenti. Nullam porttitor lacus at turpis.
54,mcullen1h,kholberry1h@twitpic.com,,24,true,34,
55,bmedd1i,kcheek1i@goo.ne.jp,,46,false,13,"Vestibulum ac est lacinia nisi venenatis tristique. Fusce congue, diam id ornare imperdiet, sapien urna pretium nisl, ut volutpat sapien arcu sed augue. Aliquam erat volutpat. In congue. Etiam justo. Etiam pretium iaculis justo."
56,dwann1j,dkett1j@bloglovin.com,,23,false,45,Maecenas pulvinar lobortis est. Phasellus sit amet erat. Nulla tempus.
57,ddarbon1k,gtippett1k@miitbeian.gov.cn,(237) 5042917,52,true,16,
58,alippingwell1l,jrubie1l@opera.com,(362) 8818434,20,true,26,"Quisque arcu libero, rutrum ac, lobortis vel, dapibus at, diam. Nam tristique tortor eu pede."
59,sgyorffy1m,rguppie1m@weebly.com,(294) 6596874,21,,,
60,beuston1n,pdeftie1n@cornell.edu,,,false,39,Curabitur at ipsum ac tellus semper interdum.
61,rkeenleyside1o,bpernell1o@amazon.de,,56,false,34,Donec ut mauris eget massa tempor convallis.
62,ceadington1p,bglover1p@apache.org,,60,false,14,"Integer aliquet, massa id lobortis convallis, tortor risus dapibus augue, vel accumsan tellus nisi eu orci. Mauris lacinia sapien quis libero. Nullam sit amet turpis elementum ligula vehicula consequat. Morbi a ipsum."
63,rpicford1q,gbertelet1q@fda.gov,(788) 4636122,,true,6,"Sed sagittis. Nam congue, risus semper porta volutpat, quam pede lobortis ligula, sit amet eleifend pede libero quis orci. Nullam molestie nibh in lectus. Pellentesque at nulla. Suspendisse potenti."
64,ibernat1r,mwerendell1r@technorati.com,(813) 8094826,35,true,32,
65,mmeachen1s,dsleeman1s@cornell.edu,(994) 6498855,58,,37,
66,gmcnulty1t,cseville1t@microsoft.com,(691) 6512855,53,false,29,
67,jlonghorne1u,nsleightholm1u@icio.us,(301) 9386309,,true,46,
68,vcroysdale1v,csquibb1v@dell.com,(459) 5263909,,false,37,Phasellus in felis.
69,hpippard1w,plubomirski1w@netscape.com,(673) 6076817,,true,44,
70,hcockshtt1x,mbeggs1x@oakley.com,(679) 7956768,58,false,49,"Maecenas tristique, est et tempus semper, est quam pharetra magna, ac consequat metus sapien ut nunc. Vestibulum ante ipsum primis in faucibus orci luctus et ultrices posuere cubilia Curae; Mauris viverra diam vitae quam. Suspendisse potenti. Nullam porttitor lacus at turpis. Donec posuere metus vitae ipsum. Aliquam non mauris."
71,fcoie1y,isignoret1y@amazon.de,(892) 5223750,,false,43,Mauris lacinia sapien quis libero. Nullam sit amet turpis elementum ligula vehicula consequat. Morbi a ipsum.
72,kwestney1z,hcanelas1z@nasa.gov,,,false,39,
73,bgriffitt20,amatterson20@e-recht24.de,(935) 2464650,25,,7,"Proin interdum mauris non ligula pellentesque ultrices. Phasellus id sapien in sapien iaculis congue. Vivamus metus arcu, adipiscing molestie, hendrerit at, vulputate vitae, nisl. Aenean lectus."
74,pcalver21,vtorrecilla21@intel.com,(120) 6949963,,false,14,Maecenas ut massa quis augue luctus tincidunt. Nulla mollis molestie lorem.
75,kradmer22,mfass22@acquirethisname.com,,25,false,15,"Nam ultrices, libero non mattis pulvinar, nulla pede ullamcorper augue, a suscipit nulla elit ac nulla."
76,lyewdall23,gcorinton23@wordpress.org,(374) 6445612,,,9,"Maecenas leo odio, condimentum id, luctus nec, molestie sed, justo. Pellentesque viverra pede ac diam. Cras pellentesque volutpat dui. Maecenas tristique, est et tempus semper, est quam pharetra magna, ac consequat metus sapien ut nunc. Vestibulum ante ipsum primis in faucibus orci luctus et ultrices posuere cubilia Curae; Mauris viverra diam vitae quam. Suspendisse potenti."
77,tbernardes24,acapenor24@nytimes.com,(284) 3650816,,,,
78,amatzke25,nibel25@ted.com,,19,true,8,"Vestibulum quam sapien, varius ut, blandit non, interdum in, ante."
79,mbernetti26,sottawell26@comcast.net,,22,false,6,
80,kokker27,mcanape27@theatlantic.com,(635) 6121239,,true,5,
81,rtweedell28,lmarklew28@blogtalkradio.com,,,false,33,"Nunc rhoncus dui vel sem. Sed sagittis. Nam congue, risus semper porta volutpat, quam pede lobortis ligula, sit amet eleifend pede libero quis orci."
82,bkarpfen29,ethominga29@dedecms.com,,19,false,18,
83,mhazleton2a,tcolthurst2a@eventbrite.com,(470) 4741674,,false,48,
84,gjimeno2b,dotton2b@stumbleupon.com,,62,true,42,"In quis justo. Maecenas rhoncus aliquam lacus. Morbi quis tortor id nulla ultrices aliquet. Maecenas leo odio, condimentum id, luctus nec, molestie sed, justo. Pellentesque viverra pede ac diam."
85,dheineken2c,lnaisbet2c@irs.gov,(708) 5054824,21,false,21,"Vestibulum ac est lacinia nisi venenatis tristique. Fusce congue, diam id ornare imperdiet, sapien urna pretium nisl, ut volutpat sapien arcu sed augue. Aliquam erat volutpat. In congue. Etiam justo. Etiam pretium iaculis justo."
86,kplatts2d,mclemmow2d@ucoz.ru,(537) 4067443,65,false,20,"Vestibulum ac est lacinia nisi venenatis tristique. Fusce congue, diam id ornare imperdiet, sapien urna pretium nisl, ut volutpat sapien arcu sed augue. Aliquam erat volutpat. In congue."
87,bmauvin2e,fenden2e@telegraph.co.uk,(646) 4154221,49,true,23,In hac habitasse platea dictumst. Maecenas ut massa quis augue luctus tincidunt. Nulla mollis molestie lorem.
88,cbaudic2f,dvost2f@hostgator.com,(801) 2346754,25,false,42,"Fusce consequat. Nulla nisl. Nunc nisl. Duis bibendum, felis sed interdum venenatis, turpis enim blandit mi, in porttitor pede justo eu massa. Donec dapibus."
89,gcastanie2g,escollan2g@issuu.com,(918) 7244117,23,,40,
90,bhimsworth2h,cedmons2h@about.me,(387) 3291488,33,false,25,
91,nglitherow2i,smattisson2i@fastcompany.com,(366) 9624865,30,,21,
92,jyea2j,mmanwaring2j@rediff.com,(830) 4776422,,true,26,Suspendisse accumsan tortor quis turpis. Sed ante. Vivamus tortor. Duis mattis egestas metus. Aenean fermentum. Donec ut mauris eget massa tempor convallis.
93,eaitken2k,kteaz2k@hexun.com,,56,true,26,"Proin risus. Praesent lectus. Vestibulum quam sapien, varius ut, blandit non, interdum in, ante."
94,nwollacott2l,lkhosa2l@walmart.com,(777) 2090744,20,true,30,"Phasellus id sapien in sapien iaculis congue. Vivamus metus arcu, adipiscing molestie, hendrerit at, vulputate vitae, nisl. Aenean lectus. Pellentesque eget nunc. Donec quis orci eget orci vehicula condimentum."
95,mferronel2m,scoviello2m@cloudflare.com,(383) 1843010,,true,19,"Nulla facilisi. Cras non velit nec nisi vulputate nonummy. Maecenas tincidunt lacus at velit. Vivamus vel nulla eget eros elementum pellentesque. Quisque porta volutpat erat. Quisque erat eros, viverra eget, congue eget, semper rutrum, nulla."
96,njarrell2n,jwrintmore2n@java.com,,35,true,1,"Aliquam sit amet diam in magna bibendum imperdiet. Nullam orci pede, venenatis non, sodales sed, tincidunt eu, felis."
97,tfitzalan2o,tmohun2o@nifty.com,,63,true,28,
98,nclewlow2p,bblazdell2p@google.com,(798) 9997541,43,false,24,
99,ikaemena2q,lwildber2q@home.pl,(205) 2534094,31,true,45,Curabitur convallis. Duis consequat dui nec nisi volutpat eleifend. Donec ut dolor.
100,imacnab2r,fmaccaughey2r@sina.com.cn,(836) 2669914,56,false,37,"In hac habitasse platea dictumst. Aliquam augue quam, sollicitudin vitae, consectetuer eget, rutrum at, lorem. Integer tincidunt ante vel ipsum. Praesent blandit lacinia erat."
